recorded_at,plate_sequence,object_category,defect_name,source_image,source_relative_path,original_copied_image,plate_image,reason,status
2026-07-15T18:25:40+08:00,024,multiwell_plate_24,damage,D:\学校\假期\container-1\empty_container\multiwell_plate_24\damage\crack\analytical_balance-002\view_001_rgb.png,empty_container/multiwell_plate_24/damage/crack/analytical_balance-002/view_001_rgb.png,D:\学校\假期\标注\multiwell_plate_24\damage\images\009__crack__analytical_balance-002__view_001_rgb.png,D:\学校\假期\标注\plate\damage\images\multiwell_plate_24__009__crack__analytical_balance-002__view_001_rgb.png,no_json,unusable
2026-07-15T18:25:40+08:00,025,multiwell_plate_24,damage,D:\学校\假期\container-1\empty_container\multiwell_plate_24\damage\crack\transfer_stage-002\view_001_rgb.png,empty_container/multiwell_plate_24/damage/crack/transfer_stage-002/view_001_rgb.png,D:\学校\假期\标注\multiwell_plate_24\damage\images\010__crack__transfer_stage-002__view_001_rgb.png,D:\学校\假期\标注\plate\damage\images\multiwell_plate_24__010__crack__transfer_stage-002__view_001_rgb.png,no_json,unusable
2026-07-15T18:25:40+08:00,026,multiwell_plate_24,damage,D:\学校\假期\container-1\empty_container\multiwell_plate_24\damage\crack\transfer_stage-002\view_002_rgb.png,empty_container/multiwell_plate_24/damage/crack/transfer_stage-002/view_002_rgb.png,D:\学校\假期\标注\multiwell_plate_24\damage\images\011__crack__transfer_stage-002__view_002_rgb.png,D:\学校\假期\标注\plate\damage\images\multiwell_plate_24__011__crack__transfer_stage-002__view_002_rgb.png,no_json,unusable
2026-07-15T18:25:40+08:00,088,multiwell_plate_06,liquid_residue,D:\学校\假期\container-1\empty_container\multiwell_plate_06\liquid_residue\colorless_liquid\analytical_balance-001\view_001_rgb.png,empty_container/multiwell_plate_06/liquid_residue/colorless_liquid/analytical_balance-001/view_001_rgb.png,D:\学校\假期\标注\multiwell_plate_06\liquid_residue\images\050__colorless_liquid__analytical_balance-001__view_001_rgb.png,D:\学校\假期\标注\plate\liquid_residue\images\multiwell_plate_06__050__colorless_liquid__analytical_balance-001__view_001_rgb.png,no_json,unusable
2026-07-15T18:25:40+08:00,089,multiwell_plate_06,liquid_residue,D:\学校\假期\container-1\empty_container\multiwell_plate_06\liquid_residue\colorless_liquid\analytical_balance-001\view_002_rgb.png,empty_container/multiwell_plate_06/liquid_residue/colorless_liquid/analytical_balance-001/view_002_rgb.png,D:\学校\假期\标注\multiwell_plate_06\liquid_residue\images\051__colorless_liquid__analytical_balance-001__view_002_rgb.png,D:\学校\假期\标注\plate\liquid_residue\images\multiwell_plate_06__051__colorless_liquid__analytical_balance-001__view_002_rgb.png,no_json,unusable
2026-07-15T18:25:40+08:00,090,multiwell_plate_06,liquid_residue,D:\学校\假期\container-1\empty_container\multiwell_plate_06\liquid_residue\colorless_liquid\analytical_balance-002\view_001_rgb.png,empty_container/multiwell_plate_06/liquid_residue/colorless_liquid/analytical_balance-002/view_001_rgb.png,D:\学校\假期\标注\multiwell_plate_06\liquid_residue\images\052__colorless_liquid__analytical_balance-002__view_001_rgb.png,D:\学校\假期\标注\plate\liquid_residue\images\multiwell_plate_06__052__colorless_liquid__analytical_balance-002__view_001_rgb.png,no_json,unusable
2026-07-15T18:25:40+08:00,091,multiwell_plate_06,liquid_residue,D:\学校\假期\container-1\empty_container\multiwell_plate_06\liquid_residue\colorless_liquid\analytical_balance-002\view_002_rgb.png,empty_container/multiwell_plate_06/liquid_residue/colorless_liquid/analytical_balance-002/view_002_rgb.png,D:\学校\假期\标注\multiwell_plate_06\liquid_residue\images\053__colorless_liquid__analytical_balance-002__view_002_rgb.png,D:\学校\假期\标注\plate\liquid_residue\images\multiwell_plate_06__053__colorless_liquid__analytical_balance-002__view_002_rgb.png,no_json,unusable
2026-07-15T18:25:40+08:00,092,multiwell_plate_06,liquid_residue,D:\学校\假期\container-1\empty_container\multiwell_plate_06\liquid_residue\colorless_liquid\transfer_stage-001\view_001_rgb.png,empty_container/multiwell_plate_06/liquid_residue/colorless_liquid/transfer_stage-001/view_001_rgb.png,D:\学校\假期\标注\multiwell_plate_06\liquid_residue\images\054__colorless_liquid__transfer_stage-001__view_001_rgb.png,D:\学校\假期\标注\plate\liquid_residue\images\multiwell_plate_06__054__colorless_liquid__transfer_stage-001__view_001_rgb.png,no_json,unusable
2026-07-15T18:25:40+08:00,093,multiwell_plate_06,liquid_residue,D:\学校\假期\container-1\empty_container\multiwell_plate_06\liquid_residue\colorless_liquid\transfer_stage-001\view_002_rgb.png,empty_container/multiwell_plate_06/liquid_residue/colorless_liquid/transfer_stage-001/view_002_rgb.png,D:\学校\假期\标注\multiwell_plate_06\liquid_residue\images\055__colorless_liquid__transfer_stage-001__view_002_rgb.png,D:\学校\假期\标注\plate\liquid_residue\images\multiwell_plate_06__055__colorless_liquid__transfer_stage-001__view_002_rgb.png,no_json,unusable
2026-07-15T18:25:40+08:00,094,multiwell_plate_06,liquid_residue,D:\学校\假期\container-1\empty_container\multiwell_plate_06\liquid_residue\colorless_liquid\transfer_stage-002\view_001_rgb.png,empty_container/multiwell_plate_06/liquid_residue/colorless_liquid/transfer_stage-002/view_001_rgb.png,D:\学校\假期\标注\multiwell_plate_06\liquid_residue\images\056__colorless_liquid__transfer_stage-002__view_001_rgb.png,D:\学校\假期\标注\plate\liquid_residue\images\multiwell_plate_06__056__colorless_liquid__transfer_stage-002__view_001_rgb.png,no_json,unusable
2026-07-15T18:25:40+08:00,095,multiwell_plate_06,liquid_residue,D:\学校\假期\container-1\empty_container\multiwell_plate_06\liquid_residue\colorless_liquid\transfer_stage-002\view_002_rgb.png,empty_container/multiwell_plate_06/liquid_residue/colorless_liquid/transfer_stage-002/view_002_rgb.png,D:\学校\假期\标注\multiwell_plate_06\liquid_residue\images\057__colorless_liquid__transfer_stage-002__view_002_rgb.png,D:\学校\假期\标注\plate\liquid_residue\images\multiwell_plate_06__057__colorless_liquid__transfer_stage-002__view_002_rgb.png,no_json,unusable
2026-07-15T18:25:40+08:00,105,multiwell_plate_24,liquid_residue,D:\学校\假期\container-1\empty_container\multiwell_plate_24\liquid_residue\colorless_liquid\analytical_balance-001\view_001_rgb.png,empty_container/multiwell_plate_24/liquid_residue/colorless_liquid/analytical_balance-001/view_001_rgb.png,D:\学校\假期\标注\multiwell_plate_24\liquid_residue\images\054__colorless_liquid__analytical_balance-001__view_001_rgb.png,D:\学校\假期\标注\plate\liquid_residue\images\multiwell_plate_24__054__colorless_liquid__analytical_balance-001__view_001_rgb.png,no_json,unusable
2026-07-15T18:25:40+08:00,106,multiwell_plate_24,liquid_residue,D:\学校\假期\container-1\empty_container\multiwell_plate_24\liquid_residue\colorless_liquid\analytical_balance-001\view_002_rgb.png,empty_container/multiwell_plate_24/liquid_residue/colorless_liquid/analytical_balance-001/view_002_rgb.png,D:\学校\假期\标注\multiwell_plate_24\liquid_residue\images\055__colorless_liquid__analytical_balance-001__view_002_rgb.png,D:\学校\假期\标注\plate\liquid_residue\images\multiwell_plate_24__055__colorless_liquid__analytical_balance-001__view_002_rgb.png,no_json,unusable
2026-07-15T18:25:40+08:00,107,multiwell_plate_24,liquid_residue,D:\学校\假期\container-1\empty_container\multiwell_plate_24\liquid_residue\colorless_liquid\analytical_balance-002\view_001_rgb.png,empty_container/multiwell_plate_24/liquid_residue/colorless_liquid/analytical_balance-002/view_001_rgb.png,D:\学校\假期\标注\multiwell_plate_24\liquid_residue\images\056__colorless_liquid__analytical_balance-002__view_001_rgb.png,D:\学校\假期\标注\plate\liquid_residue\images\multiwell_plate_24__056__colorless_liquid__analytical_balance-002__view_001_rgb.png,no_json,unusable
2026-07-15T18:25:40+08:00,108,multiwell_plate_24,liquid_residue,D:\学校\假期\container-1\empty_container\multiwell_plate_24\liquid_residue\colorless_liquid\analytical_balance-002\view_002_rgb.png,empty_container/multiwell_plate_24/liquid_residue/colorless_liquid/analytical_balance-002/view_002_rgb.png,D:\学校\假期\标注\multiwell_plate_24\liquid_residue\images\057__colorless_liquid__analytical_balance-002__view_002_rgb.png,D:\学校\假期\标注\plate\liquid_residue\images\multiwell_plate_24__057__colorless_liquid__analytical_balance-002__view_002_rgb.png,no_json,unusable
2026-07-15T18:25:40+08:00,109,multiwell_plate_24,liquid_residue,D:\学校\假期\container-1\empty_container\multiwell_plate_24\liquid_residue\colorless_liquid\transfer_stage-001\view_001_rgb.png,empty_container/multiwell_plate_24/liquid_residue/colorless_liquid/transfer_stage-001/view_001_rgb.png,D:\学校\假期\标注\multiwell_plate_24\liquid_residue\images\058__colorless_liquid__transfer_stage-001__view_001_rgb.png,D:\学校\假期\标注\plate\liquid_residue\images\multiwell_plate_24__058__colorless_liquid__transfer_stage-001__view_001_rgb.png,no_json,unusable
2026-07-15T18:25:40+08:00,110,multiwell_plate_24,liquid_residue,D:\学校\假期\container-1\empty_container\multiwell_plate_24\liquid_residue\colorless_liquid\transfer_stage-001\view_002_rgb.png,empty_container/multiwell_plate_24/liquid_residue/colorless_liquid/transfer_stage-001/view_002_rgb.png,D:\学校\假期\标注\multiwell_plate_24\liquid_residue\images\059__colorless_liquid__transfer_stage-001__view_002_rgb.png,D:\学校\假期\标注\plate\liquid_residue\images\multiwell_plate_24__059__colorless_liquid__transfer_stage-001__view_002_rgb.png,no_json,unusable
2026-07-15T18:25:40+08:00,111,multiwell_plate_24,liquid_residue,D:\学校\假期\container-1\empty_container\multiwell_plate_24\liquid_residue\colorless_liquid\transfer_stage-002\view_001_rgb.png,empty_container/multiwell_plate_24/liquid_residue/colorless_liquid/transfer_stage-002/view_001_rgb.png,D:\学校\假期\标注\multiwell_plate_24\liquid_residue\images\060__colorless_liquid__transfer_stage-002__view_001_rgb.png,D:\学校\假期\标注\plate\liquid_residue\images\multiwell_plate_24__060__colorless_liquid__transfer_stage-002__view_001_rgb.png,no_json,unusable
2026-07-15T18:25:40+08:00,112,multiwell_plate_24,liquid_residue,D:\学校\假期\container-1\empty_container\multiwell_plate_24\liquid_residue\colorless_liquid\transfer_stage-002\view_002_rgb.png,empty_container/multiwell_plate_24/liquid_residue/colorless_liquid/transfer_stage-002/view_002_rgb.png,D:\学校\假期\标注\multiwell_plate_24\liquid_residue\images\061__colorless_liquid__transfer_stage-002__view_002_rgb.png,D:\学校\假期\标注\plate\liquid_residue\images\multiwell_plate_24__061__colorless_liquid__transfer_stage-002__view_002_rgb.png,no_json,unusable
2026-07-15T18:25:40+08:00,142,multiwell_plate_06,solid_residue,D:\学校\假期\container-1\empty_container\multiwell_plate_06\solid_residue\powder\analytical_balance-001\view_001_rgb.png,empty_container/multiwell_plate_06/solid_residue/powder/analytical_balance-001/view_001_rgb.png,D:\学校\假期\标注\multiwell_plate_06\solid_residue\images\067__powder__analytical_balance-001__view_001_rgb.png,D:\学校\假期\标注\plate\solid_residue\images\multiwell_plate_06__067__powder__analytical_balance-001__view_001_rgb.png,no_json,unusable
2026-07-15T18:25:40+08:00,143,multiwell_plate_06,solid_residue,D:\学校\假期\container-1\empty_container\multiwell_plate_06\solid_residue\powder\analytical_balance-001\view_002_rgb.png,empty_container/multiwell_plate_06/solid_residue/powder/analytical_balance-001/view_002_rgb.png,D:\学校\假期\标注\multiwell_plate_06\solid_residue\images\068__powder__analytical_balance-001__view_002_rgb.png,D:\学校\假期\标注\plate\solid_residue\images\multiwell_plate_06__068__powder__analytical_balance-001__view_002_rgb.png,no_json,unusable
2026-07-15T18:25:40+08:00,144,multiwell_plate_06,solid_residue,D:\学校\假期\container-1\empty_container\multiwell_plate_06\solid_residue\powder\analytical_balance-002\view_001_rgb.png,empty_container/multiwell_plate_06/solid_residue/powder/analytical_balance-002/view_001_rgb.png,D:\学校\假期\标注\multiwell_plate_06\solid_residue\images\069__powder__analytical_balance-002__view_001_rgb.png,D:\学校\假期\标注\plate\solid_residue\images\multiwell_plate_06__069__powder__analytical_balance-002__view_001_rgb.png,no_json,unusable
2026-07-15T18:25:40+08:00,145,multiwell_plate_06,solid_residue,D:\学校\假期\container-1\empty_container\multiwell_plate_06\solid_residue\powder\analytical_balance-002\view_002_rgb.png,empty_container/multiwell_plate_06/solid_residue/powder/analytical_balance-002/view_002_rgb.png,D:\学校\假期\标注\multiwell_plate_06\solid_residue\images\070__powder__analytical_balance-002__view_002_rgb.png,D:\学校\假期\标注\plate\solid_residue\images\multiwell_plate_06__070__powder__analytical_balance-002__view_002_rgb.png,no_json,unusable
2026-07-15T18:25:40+08:00,152,multiwell_plate_11,solid_residue,D:\学校\假期\container-1\empty_container\multiwell_plate_11\solid_residue\powder\analytical_balance-002\view_001_rgb.png,empty_container/multiwell_plate_11/solid_residue/powder/analytical_balance-002/view_001_rgb.png,D:\学校\假期\标注\multiwell_plate_11\solid_residue\images\048__powder__analytical_balance-002__view_001_rgb.png,D:\学校\假期\标注\plate\solid_residue\images\multiwell_plate_11__048__powder__analytical_balance-002__view_001_rgb.png,empty_json_no_box,unusable
2026-07-15T18:25:40+08:00,153,multiwell_plate_11,solid_residue,D:\学校\假期\container-1\empty_container\multiwell_plate_11\solid_residue\powder\analytical_balance-002\view_002_rgb.png,empty_container/multiwell_plate_11/solid_residue/powder/analytical_balance-002/view_002_rgb.png,D:\学校\假期\标注\multiwell_plate_11\solid_residue\images\049__powder__analytical_balance-002__view_002_rgb.png,D:\学校\假期\标注\plate\solid_residue\images\multiwell_plate_11__049__powder__analytical_balance-002__view_002_rgb.png,no_json,unusable
2026-07-15T18:25:40+08:00,158,multiwell_plate_24,solid_residue,D:\学校\假期\container-1\empty_container\multiwell_plate_24\solid_residue\powder\analytical_balance-001\view_001_rgb.png,empty_container/multiwell_plate_24/solid_residue/powder/analytical_balance-001/view_001_rgb.png,D:\学校\假期\标注\multiwell_plate_24\solid_residue\images\072__powder__analytical_balance-001__view_001_rgb.png,D:\学校\假期\标注\plate\solid_residue\images\multiwell_plate_24__072__powder__analytical_balance-001__view_001_rgb.png,no_json,unusable
2026-07-15T18:25:40+08:00,159,multiwell_plate_24,solid_residue,D:\学校\假期\container-1\empty_container\multiwell_plate_24\solid_residue\powder\analytical_balance-001\view_002_rgb.png,empty_container/multiwell_plate_24/solid_residue/powder/analytical_balance-001/view_002_rgb.png,D:\学校\假期\标注\multiwell_plate_24\solid_residue\images\073__powder__analytical_balance-001__view_002_rgb.png,D:\学校\假期\标注\plate\solid_residue\images\multiwell_plate_24__073__powder__analytical_balance-001__view_002_rgb.png,no_json,unusable
2026-07-15T18:25:40+08:00,160,multiwell_plate_24,solid_residue,D:\学校\假期\container-1\empty_container\multiwell_plate_24\solid_residue\powder\analytical_balance-002\view_001_rgb.png,empty_container/multiwell_plate_24/solid_residue/powder/analytical_balance-002/view_001_rgb.png,D:\学校\假期\标注\multiwell_plate_24\solid_residue\images\074__powder__analytical_balance-002__view_001_rgb.png,D:\学校\假期\标注\plate\solid_residue\images\multiwell_plate_24__074__powder__analytical_balance-002__view_001_rgb.png,no_json,unusable
2026-07-15T18:25:40+08:00,161,multiwell_plate_24,solid_residue,D:\学校\假期\container-1\empty_container\multiwell_plate_24\solid_residue\powder\analytical_balance-002\view_002_rgb.png,empty_container/multiwell_plate_24/solid_residue/powder/analytical_balance-002/view_002_rgb.png,D:\学校\假期\标注\multiwell_plate_24\solid_residue\images\075__powder__analytical_balance-002__view_002_rgb.png,D:\学校\假期\标注\plate\solid_residue\images\multiwell_plate_24__075__powder__analytical_balance-002__view_002_rgb.png,no_json,unusable
2026-07-15T18:25:40+08:00,177,multiwell_plate_11,stain,D:\学校\假期\container-1\empty_container\multiwell_plate_11\stain\pigment_stain\analytical_balance-002\view_002_rgb.png,empty_container/multiwell_plate_11/stain/pigment_stain/analytical_balance-002/view_002_rgb.png,D:\学校\假期\标注\multiwell_plate_11\stain\images\057__pigment_stain__analytical_balance-002__view_002_rgb.png,D:\学校\假期\标注\plate\stain\images\multiwell_plate_11__057__pigment_stain__analytical_balance-002__view_002_rgb.png,no_json,unusable
2026-07-15T18:25:40+08:00,178,multiwell_plate_11,stain,D:\学校\假期\container-1\empty_container\multiwell_plate_11\stain\pigment_stain\transfer_stage-001\view_001_rgb.png,empty_container/multiwell_plate_11/stain/pigment_stain/transfer_stage-001/view_001_rgb.png,D:\学校\假期\标注\multiwell_plate_11\stain\images\058__pigment_stain__transfer_stage-001__view_001_rgb.png,D:\学校\假期\标注\plate\stain\images\multiwell_plate_11__058__pigment_stain__transfer_stage-001__view_001_rgb.png,no_json,unusable
2026-07-15T18:25:40+08:00,179,multiwell_plate_11,stain,D:\学校\假期\container-1\empty_container\multiwell_plate_11\stain\pigment_stain\transfer_stage-001\view_002_rgb.png,empty_container/multiwell_plate_11/stain/pigment_stain/transfer_stage-001/view_002_rgb.png,D:\学校\假期\标注\multiwell_plate_11\stain\images\059__pigment_stain__transfer_stage-001__view_002_rgb.png,D:\学校\假期\标注\plate\stain\images\multiwell_plate_11__059__pigment_stain__transfer_stage-001__view_002_rgb.png,no_json,unusable
2026-07-15T18:25:40+08:00,180,multiwell_plate_11,stain,D:\学校\假期\container-1\empty_container\multiwell_plate_11\stain\pigment_stain\transfer_stage-002\view_001_rgb.png,empty_container/multiwell_plate_11/stain/pigment_stain/transfer_stage-002/view_001_rgb.png,D:\学校\假期\标注\multiwell_plate_11\stain\images\060__pigment_stain__transfer_stage-002__view_001_rgb.png,D:\学校\假期\标注\plate\stain\images\multiwell_plate_11__060__pigment_stain__transfer_stage-002__view_001_rgb.png,no_json,unusable
2026-07-15T18:25:40+08:00,181,multiwell_plate_11,stain,D:\学校\假期\container-1\empty_container\multiwell_plate_11\stain\pigment_stain\transfer_stage-002\view_002_rgb.png,empty_container/multiwell_plate_11/stain/pigment_stain/transfer_stage-002/view_002_rgb.png,D:\学校\假期\标注\multiwell_plate_11\stain\images\061__pigment_stain__transfer_stage-002__view_002_rgb.png,D:\学校\假期\标注\plate\stain\images\multiwell_plate_11__061__pigment_stain__transfer_stage-002__view_002_rgb.png,no_json,unusable
2026-07-15T22:44:53+08:00,,beaker,foreign_object_residue,D:\学校\假期\container-1\empty_container\beaker\foreign_object_residue\glass_stirring_rod\magnetic_stirrer_01-001\view_002_rgb.png,empty_container/beaker/foreign_object_residue/glass_stirring_rod/magnetic_stirrer_01-001/view_002_rgb.png,,,global_delete_from_box;archive_sequence=000002;manual_box_deleted_by_user,unusable
2026-07-15T22:44:53+08:00,,beaker,label_anomaly,D:\学校\假期\container-1\empty_container\beaker\label_anomaly\label_soiling\beaker_sample_carousel-003\view_005_rgb.png,empty_container/beaker/label_anomaly/label_soiling/beaker_sample_carousel-003/view_005_rgb.png,,,global_delete_from_box;archive_sequence=000100;manual_box_deleted_by_user,unusable
2026-07-15T22:44:53+08:00,,beaker,powder_residue,D:\学校\假期\container-1\empty_container\beaker\powder_residue\bottom_powder_residue\magnetic_stirrer_01-001\view_002_rgb.png,empty_container/beaker/powder_residue/bottom_powder_residue/magnetic_stirrer_01-001/view_002_rgb.png,,,global_delete_from_box;archive_sequence=000142;manual_box_deleted_by_user,unusable
2026-07-15T22:44:53+08:00,,beaker,powder_residue,D:\学校\假期\container-1\empty_container\beaker\powder_residue\bottom_powder_residue\magnetic_stirrer_01-001\view_001_rgb.png,empty_container/beaker/powder_residue/bottom_powder_residue/magnetic_stirrer_01-001/view_001_rgb.png,,,global_delete_from_box;archive_sequence=000143;manual_box_deleted_by_user,unusable
2026-07-15T22:44:53+08:00,,beaker,powder_residue,D:\学校\假期\container-1\empty_container\beaker\powder_residue\bottom_powder_residue\magnetic_stirrer_01-001\view_005_rgb.png,empty_container/beaker/powder_residue/bottom_powder_residue/magnetic_stirrer_01-001/view_005_rgb.png,,,global_delete_from_box;archive_sequence=000145;manual_box_deleted_by_user,unusable
2026-07-15T22:44:53+08:00,,beaker,powder_residue,D:\学校\假期\container-1\empty_container\beaker\powder_residue\bottom_powder_residue\magnetic_stirrer_01-001\view_003_rgb.png,empty_container/beaker/powder_residue/bottom_powder_residue/magnetic_stirrer_01-001/view_003_rgb.png,,,global_delete_from_box;archive_sequence=000146;manual_box_deleted_by_user,unusable
2026-07-15T22:44:53+08:00,,beaker,powder_residue,D:\学校\假期\container-1\empty_container\beaker\powder_residue\bottom_powder_residue\magnetic_stirrer_02-002\view_002_rgb.png,empty_container/beaker/powder_residue/bottom_powder_residue/magnetic_stirrer_02-002/view_002_rgb.png,,,global_delete_from_box;archive_sequence=000156;manual_box_deleted_by_user,unusable
2026-07-15T22:44:53+08:00,,beaker,powder_residue,D:\学校\假期\container-1\empty_container\beaker\powder_residue\bottom_powder_residue\beaker_sample_carousel-002\view_001_rgb.png,empty_container/beaker/powder_residue/bottom_powder_residue/beaker_sample_carousel-002/view_001_rgb.png,,,global_delete_from_box;archive_sequence=000162;manual_box_deleted_by_user,unusable
2026-07-15T22:44:53+08:00,,beaker,powder_residue,D:\学校\假期\container-1\empty_container\beaker\powder_residue\bottom_powder_residue\beaker_sample_carousel-002\view_003_rgb.png,empty_container/beaker/powder_residue/bottom_powder_residue/beaker_sample_carousel-002/view_003_rgb.png,,,global_delete_from_box;archive_sequence=000163;manual_box_deleted_by_user,unusable
2026-07-15T22:44:53+08:00,,beaker,powder_residue,D:\学校\假期\container-1\empty_container\beaker\powder_residue\bottom_powder_residue\beaker_sample_carousel-002\view_002_rgb.png,empty_container/beaker/powder_residue/bottom_powder_residue/beaker_sample_carousel-002/view_002_rgb.png,,,global_delete_from_box;archive_sequence=000164;manual_box_deleted_by_user,unusable
2026-07-15T22:44:53+08:00,,beaker,powder_residue,D:\学校\假期\container-1\empty_container\beaker\powder_residue\bottom_powder_residue\beaker_sample_carousel-002\view_004_rgb.png,empty_container/beaker/powder_residue/bottom_powder_residue/beaker_sample_carousel-002/view_004_rgb.png,,,global_delete_from_box;archive_sequence=000165;manual_box_deleted_by_user,unusable
2026-07-15T22:44:53+08:00,,beaker,powder_residue,D:\学校\假期\container-1\empty_container\beaker\powder_residue\bottom_powder_residue\beaker_sample_carousel-002\view_005_rgb.png,empty_container/beaker/powder_residue/bottom_powder_residue/beaker_sample_carousel-002/view_005_rgb.png,,,global_delete_from_box;archive_sequence=000166;manual_box_deleted_by_user,unusable
2026-07-15T22:44:53+08:00,,beaker,powder_residue,D:\学校\假期\container-1\empty_container\beaker\powder_residue\bottom_powder_residue\beaker_sample_carousel-003\view_001_rgb.png,empty_container/beaker/powder_residue/bottom_powder_residue/beaker_sample_carousel-003/view_001_rgb.png,,,global_delete_from_box;archive_sequence=000167;manual_box_deleted_by_user,unusable
2026-07-15T22:44:53+08:00,,beaker,powder_residue,D:\学校\假期\container-1\empty_container\beaker\powder_residue\bottom_powder_residue\beaker_sample_carousel-004\view_001_rgb.png,empty_container/beaker/powder_residue/bottom_powder_residue/beaker_sample_carousel-004/view_001_rgb.png,,,global_delete_from_box;archive_sequence=000172;manual_box_deleted_by_user,unusable
2026-07-15T22:44:53+08:00,,beaker,powder_residue,D:\学校\假期\container-1\empty_container\beaker\powder_residue\bottom_powder_residue\beaker_sample_carousel-004\view_002_rgb.png,empty_container/beaker/powder_residue/bottom_powder_residue/beaker_sample_carousel-004/view_002_rgb.png,,,global_delete_from_box;archive_sequence=000173;manual_box_deleted_by_user,unusable
2026-07-15T22:44:53+08:00,,beaker,powder_residue,D:\学校\假期\container-1\empty_container\beaker\powder_residue\bottom_powder_residue\beaker_sample_carousel-004\view_003_rgb.png,empty_container/beaker/powder_residue/bottom_powder_residue/beaker_sample_carousel-004/view_003_rgb.png,,,global_delete_from_box;archive_sequence=000174;manual_box_deleted_by_user,unusable
2026-07-15T22:44:53+08:00,,beaker,powder_residue,D:\学校\假期\container-1\empty_container\beaker\powder_residue\bottom_powder_residue\beaker_sample_carousel-004\view_005_rgb.png,empty_container/beaker/powder_residue/bottom_powder_residue/beaker_sample_carousel-004/view_005_rgb.png,,,global_delete_from_box;archive_sequence=000175;manual_box_deleted_by_user,unusable
2026-07-15T22:44:53+08:00,,beaker,powder_residue,D:\学校\假期\container-1\empty_container\beaker\powder_residue\bottom_powder_residue\beaker_sample_carousel-005\view_001_rgb.png,empty_container/beaker/powder_residue/bottom_powder_residue/beaker_sample_carousel-005/view_001_rgb.png,,,global_delete_from_box;archive_sequence=000176;manual_box_deleted_by_user,unusable
2026-07-15T22:44:53+08:00,,beaker,powder_residue,D:\学校\假期\container-1\empty_container\beaker\powder_residue\bottom_powder_residue\beaker_sample_carousel-004\view_004_rgb.png,empty_container/beaker/powder_residue/bottom_powder_residue/beaker_sample_carousel-004/view_004_rgb.png,,,global_delete_from_box;archive_sequence=000177;manual_box_deleted_by_user,unusable
2026-07-15T22:44:53+08:00,,beaker,powder_residue,D:\学校\假期\container-1\empty_container\beaker\powder_residue\bottom_powder_residue\beaker_sample_carousel-005\view_002_rgb.png,empty_container/beaker/powder_residue/bottom_powder_residue/beaker_sample_carousel-005/view_002_rgb.png,,,global_delete_from_box;archive_sequence=000178;manual_box_deleted_by_user,unusable
2026-07-15T22:44:53+08:00,,beaker,powder_residue,D:\学校\假期\container-1\empty_container\beaker\powder_residue\bottom_powder_residue\beaker_sample_carousel-005\view_003_rgb.png,empty_container/beaker/powder_residue/bottom_powder_residue/beaker_sample_carousel-005/view_003_rgb.png,,,global_delete_from_box;archive_sequence=000179;manual_box_deleted_by_user,unusable
2026-07-15T22:44:53+08:00,,beaker,powder_residue,D:\学校\假期\container-1\empty_container\beaker\powder_residue\bottom_powder_residue\beaker_sample_carousel-005\view_004_rgb.png,empty_container/beaker/powder_residue/bottom_powder_residue/beaker_sample_carousel-005/view_004_rgb.png,,,global_delete_from_box;archive_sequence=000180;manual_box_deleted_by_user,unusable
2026-07-15T22:44:53+08:00,,beaker,powder_residue,D:\学校\假期\container-1\empty_container\beaker\powder_residue\bottom_powder_residue\beaker_sample_carousel-005\view_005_rgb.png,empty_container/beaker/powder_residue/bottom_powder_residue/beaker_sample_carousel-005/view_005_rgb.png,,,global_delete_from_box;archive_sequence=000181;manual_box_deleted_by_user,unusable
2026-07-15T22:44:53+08:00,,beaker,powder_residue,D:\学校\假期\container-1\empty_container\beaker\powder_residue\bottom_powder_residue\beaker_sample_carousel-006\view_001_rgb.png,empty_container/beaker/powder_residue/bottom_powder_residue/beaker_sample_carousel-006/view_001_rgb.png,,,global_delete_from_box;archive_sequence=000182;manual_box_deleted_by_user,unusable
2026-07-15T22:44:53+08:00,,beaker,powder_residue,D:\学校\假期\container-1\empty_container\beaker\powder_residue\bottom_powder_residue\beaker_sample_carousel-006\view_003_rgb.png,empty_container/beaker/powder_residue/bottom_powder_residue/beaker_sample_carousel-006/view_003_rgb.png,,,global_delete_from_box;archive_sequence=000183;manual_box_deleted_by_user,unusable
2026-07-15T22:44:53+08:00,,beaker,powder_residue,D:\学校\假期\container-1\empty_container\beaker\powder_residue\bottom_powder_residue\beaker_sample_carousel-006\view_002_rgb.png,empty_container/beaker/powder_residue/bottom_powder_residue/beaker_sample_carousel-006/view_002_rgb.png,,,global_delete_from_box;archive_sequence=000184;manual_box_deleted_by_user,unusable
2026-07-15T22:44:53+08:00,,beaker,powder_residue,D:\学校\假期\container-1\empty_container\beaker\powder_residue\bottom_powder_residue\beaker_sample_carousel-006\view_004_rgb.png,empty_container/beaker/powder_residue/bottom_powder_residue/beaker_sample_carousel-006/view_004_rgb.png,,,global_delete_from_box;archive_sequence=000185;manual_box_deleted_by_user,unusable
2026-07-15T22:44:53+08:00,,beaker,powder_residue,D:\学校\假期\container-1\empty_container\beaker\powder_residue\bottom_powder_residue\transfer_stage-002\view_002_rgb.png,empty_container/beaker/powder_residue/bottom_powder_residue/transfer_stage-002/view_002_rgb.png,,,global_delete_from_box;archive_sequence=000213;manual_box_deleted_by_user,unusable
2026-07-15T22:44:53+08:00,,beaker,powder_residue,D:\学校\假期\container-1\empty_container\beaker\powder_residue\bottom_powder_residue\transfer_stage-002\view_003_rgb.png,empty_container/beaker/powder_residue/bottom_powder_residue/transfer_stage-002/view_003_rgb.png,,,global_delete_from_box;archive_sequence=000214;manual_box_deleted_by_user,unusable
2026-07-15T22:44:53+08:00,,beaker,powder_residue,D:\学校\假期\container-1\empty_container\beaker\powder_residue\bottom_powder_residue\transfer_stage-002\view_004_rgb.png,empty_container/beaker/powder_residue/bottom_powder_residue/transfer_stage-002/view_004_rgb.png,,,global_delete_from_box;archive_sequence=000215;manual_box_deleted_by_user,unusable
2026-07-15T22:44:53+08:00,,beaker,powder_residue,D:\学校\假期\container-1\empty_container\beaker\powder_residue\bottom_powder_residue\transfer_stage-002\view_005_rgb.png,empty_container/beaker/powder_residue/bottom_powder_residue/transfer_stage-002/view_005_rgb.png,,,global_delete_from_box;archive_sequence=000216;manual_box_deleted_by_user,unusable
2026-07-15T22:44:53+08:00,,beaker,powder_residue,D:\学校\假期\container-1\empty_container\beaker\powder_residue\crystalline_residue\beaker_sample_carousel-004\view_001_rgb.png,empty_container/beaker/powder_residue/crystalline_residue/beaker_sample_carousel-004/view_001_rgb.png,,,global_delete_from_box;archive_sequence=000243;manual_box_deleted_by_user,unusable
2026-07-15T22:44:53+08:00,,beaker,powder_residue,D:\学校\假期\container-1\empty_container\beaker\powder_residue\crystalline_residue\beaker_sample_carousel-004\view_003_rgb.png,empty_container/beaker/powder_residue/crystalline_residue/beaker_sample_carousel-004/view_003_rgb.png,,,global_delete_from_box;archive_sequence=000244;manual_box_deleted_by_user,unusable
2026-07-15T22:44:53+08:00,,beaker,powder_residue,D:\学校\假期\container-1\empty_container\beaker\powder_residue\crystalline_residue\beaker_sample_carousel-004\view_002_rgb.png,empty_container/beaker/powder_residue/crystalline_residue/beaker_sample_carousel-004/view_002_rgb.png,,,global_delete_from_box;archive_sequence=000245;manual_box_deleted_by_user,unusable
2026-07-15T22:44:53+08:00,,beaker,powder_residue,D:\学校\假期\container-1\empty_container\beaker\powder_residue\crystalline_residue\beaker_sample_carousel-004\view_004_rgb.png,empty_container/beaker/powder_residue/crystalline_residue/beaker_sample_carousel-004/view_004_rgb.png,,,global_delete_from_box;archive_sequence=000246;manual_box_deleted_by_user,unusable
2026-07-15T22:44:53+08:00,,beaker,powder_residue,D:\学校\假期\container-1\empty_container\beaker\powder_residue\crystalline_residue\beaker_sample_carousel-004\view_005_rgb.png,empty_container/beaker/powder_residue/crystalline_residue/beaker_sample_carousel-004/view_005_rgb.png,,,global_delete_from_box;archive_sequence=000248;manual_box_deleted_by_user,unusable
2026-07-15T22:44:53+08:00,,beaker,stain,D:\学校\假期\container-1\empty_container\beaker\stain\pigment_stain\magnetic_stirrer_01-002\view_001_rgb.png,empty_container/beaker/stain/pigment_stain/magnetic_stirrer_01-002/view_001_rgb.png,,,global_delete_from_box;archive_sequence=000293;manual_box_deleted_by_user,unusable
2026-07-15T22:44:53+08:00,,beaker,stain,D:\学校\假期\container-1\empty_container\beaker\stain\pigment_stain\beaker_sample_carousel-002\view_002_rgb.png,empty_container/beaker/stain/pigment_stain/beaker_sample_carousel-002/view_002_rgb.png,,,global_delete_from_box;archive_sequence=000308;manual_box_deleted_by_user,unusable
2026-07-15T22:44:53+08:00,,beaker,stain,D:\学校\假期\container-1\empty_container\beaker\stain\pigment_stain\beaker_sample_carousel-002\view_005_rgb.png,empty_container/beaker/stain/pigment_stain/beaker_sample_carousel-002/view_005_rgb.png,,,global_delete_from_box;archive_sequence=000309;manual_box_deleted_by_user,unusable
2026-07-15T22:44:53+08:00,,beaker,stain,D:\学校\假期\container-1\empty_container\beaker\stain\pigment_stain\beaker_sample_carousel-002\view_001_rgb.png,empty_container/beaker/stain/pigment_stain/beaker_sample_carousel-002/view_001_rgb.png,,,global_delete_from_box;archive_sequence=000310;manual_box_deleted_by_user,unusable
2026-07-15T22:44:53+08:00,,beaker,stain,D:\学校\假期\container-1\empty_container\beaker\stain\water_stain\magnetic_stirrer_01-001\view_001_rgb.png,empty_container/beaker/stain/water_stain/magnetic_stirrer_01-001/view_001_rgb.png,,,global_delete_from_box;archive_sequence=000361;manual_box_deleted_by_user,unusable
2026-07-15T22:44:53+08:00,,beaker,stain,D:\学校\假期\container-1\empty_container\beaker\stain\water_stain\magnetic_stirrer_01-001\view_002_rgb.png,empty_container/beaker/stain/water_stain/magnetic_stirrer_01-001/view_002_rgb.png,,,global_delete_from_box;archive_sequence=000362;manual_box_deleted_by_user,unusable
2026-07-15T22:44:53+08:00,,beaker,stain,D:\学校\假期\container-1\empty_container\beaker\stain\water_stain\magnetic_stirrer_01-002\view_001_rgb.png,empty_container/beaker/stain/water_stain/magnetic_stirrer_01-002/view_001_rgb.png,,,global_delete_from_box;archive_sequence=000364;manual_box_deleted_by_user,unusable
2026-07-15T22:44:53+08:00,,beaker,stain,D:\学校\假期\container-1\empty_container\beaker\stain\water_stain\magnetic_stirrer_01-002\view_004_rgb.png,empty_container/beaker/stain/water_stain/magnetic_stirrer_01-002/view_004_rgb.png,,,global_delete_from_box;archive_sequence=000365;manual_box_deleted_by_user,unusable
2026-07-15T22:44:53+08:00,,beaker,stain,D:\学校\假期\container-1\empty_container\beaker\stain\water_stain\magnetic_stirrer_01-002\view_002_rgb.png,empty_container/beaker/stain/water_stain/magnetic_stirrer_01-002/view_002_rgb.png,,,global_delete_from_box;archive_sequence=000366;manual_box_deleted_by_user,unusable
2026-07-15T22:44:53+08:00,,beaker,stain,D:\学校\假期\container-1\empty_container\beaker\stain\water_stain\magnetic_stirrer_01-002\view_003_rgb.png,empty_container/beaker/stain/water_stain/magnetic_stirrer_01-002/view_003_rgb.png,,,global_delete_from_box;archive_sequence=000367;manual_box_deleted_by_user,unusable
2026-07-15T22:44:53+08:00,,beaker,stain,D:\学校\假期\container-1\empty_container\beaker\stain\water_stain\magnetic_stirrer_01-002\view_005_rgb.png,empty_container/beaker/stain/water_stain/magnetic_stirrer_01-002/view_005_rgb.png,,,global_delete_from_box;archive_sequence=000368;manual_box_deleted_by_user,unusable
2026-07-15T22:44:53+08:00,,beaker,stain,D:\学校\假期\container-1\empty_container\beaker\stain\water_stain\magnetic_stirrer_02-001\view_001_rgb.png,empty_container/beaker/stain/water_stain/magnetic_stirrer_02-001/view_001_rgb.png,,,global_delete_from_box;archive_sequence=000369;manual_box_deleted_by_user,unusable
2026-07-15T22:44:53+08:00,,beaker,stain,D:\学校\假期\container-1\empty_container\beaker\stain\water_stain\magnetic_stirrer_02-001\view_002_rgb.png,empty_container/beaker/stain/water_stain/magnetic_stirrer_02-001/view_002_rgb.png,,,global_delete_from_box;archive_sequence=000370;manual_box_deleted_by_user,unusable
2026-07-15T22:44:53+08:00,,beaker,stain,D:\学校\假期\container-1\empty_container\beaker\stain\water_stain\magnetic_stirrer_02-002\view_001_rgb.png,empty_container/beaker/stain/water_stain/magnetic_stirrer_02-002/view_001_rgb.png,,,global_delete_from_box;archive_sequence=000371;manual_box_deleted_by_user,unusable
2026-07-15T22:44:53+08:00,,beaker,stain,D:\学校\假期\container-1\empty_container\beaker\stain\water_stain\magnetic_stirrer_02-002\view_002_rgb.png,empty_container/beaker/stain/water_stain/magnetic_stirrer_02-002/view_002_rgb.png,,,global_delete_from_box;archive_sequence=000372;manual_box_deleted_by_user,unusable
2026-07-15T22:44:53+08:00,,beaker,stain,D:\学校\假期\container-1\empty_container\beaker\stain\water_stain\beaker_sample_carousel-001\view_006_rgb.png,empty_container/beaker/stain/water_stain/beaker_sample_carousel-001/view_006_rgb.png,,,global_delete_from_box;archive_sequence=000373;manual_box_deleted_by_user,unusable
2026-07-15T22:44:53+08:00,,beaker,stain,D:\学校\假期\container-1\empty_container\beaker\stain\water_stain\beaker_sample_carousel-001\view_007_rgb.png,empty_container/beaker/stain/water_stain/beaker_sample_carousel-001/view_007_rgb.png,,,global_delete_from_box;archive_sequence=000374;manual_box_deleted_by_user,unusable
2026-07-15T22:44:53+08:00,,beaker,stain,D:\学校\假期\container-1\empty_container\beaker\stain\water_stain\beaker_sample_carousel-001\view_008_rgb.png,empty_container/beaker/stain/water_stain/beaker_sample_carousel-001/view_008_rgb.png,,,global_delete_from_box;archive_sequence=000375;manual_box_deleted_by_user,unusable
2026-07-15T22:44:53+08:00,,beaker,stain,D:\学校\假期\container-1\empty_container\beaker\stain\water_stain\beaker_sample_carousel-001\view_010_rgb.png,empty_container/beaker/stain/water_stain/beaker_sample_carousel-001/view_010_rgb.png,,,global_delete_from_box;archive_sequence=000376;manual_box_deleted_by_user,unusable
2026-07-15T22:44:53+08:00,,beaker,stain,D:\学校\假期\container-1\empty_container\beaker\stain\water_stain\beaker_sample_carousel-001\view_009_rgb.png,empty_container/beaker/stain/water_stain/beaker_sample_carousel-001/view_009_rgb.png,,,global_delete_from_box;archive_sequence=000377;manual_box_deleted_by_user,unusable
2026-07-15T22:44:53+08:00,,beaker,stain,D:\学校\假期\container-1\empty_container\beaker\stain\water_stain\beaker_sample_carousel-002\view_007_rgb.png,empty_container/beaker/stain/water_stain/beaker_sample_carousel-002/view_007_rgb.png,,,global_delete_from_box;archive_sequence=000378;manual_box_deleted_by_user,unusable
2026-07-15T22:44:53+08:00,,beaker,stain,D:\学校\假期\container-1\empty_container\beaker\stain\water_stain\beaker_sample_carousel-002\view_006_rgb.png,empty_container/beaker/stain/water_stain/beaker_sample_carousel-002/view_006_rgb.png,,,global_delete_from_box;archive_sequence=000379;manual_box_deleted_by_user,unusable
2026-07-15T22:44:53+08:00,,beaker,stain,D:\学校\假期\container-1\empty_container\beaker\stain\water_stain\beaker_sample_carousel-002\view_009_rgb.png,empty_container/beaker/stain/water_stain/beaker_sample_carousel-002/view_009_rgb.png,,,global_delete_from_box;archive_sequence=000380;manual_box_deleted_by_user,unusable
2026-07-15T22:44:53+08:00,,beaker,stain,D:\学校\假期\container-1\empty_container\beaker\stain\water_stain\beaker_sample_carousel-003\view_007_rgb.png,empty_container/beaker/stain/water_stain/beaker_sample_carousel-003/view_007_rgb.png,,,global_delete_from_box;archive_sequence=000381;manual_box_deleted_by_user,unusable
2026-07-15T22:44:53+08:00,,beaker,stain,D:\学校\假期\container-1\empty_container\beaker\stain\water_stain\beaker_sample_carousel-002\view_008_rgb.png,empty_container/beaker/stain/water_stain/beaker_sample_carousel-002/view_008_rgb.png,,,global_delete_from_box;archive_sequence=000382;manual_box_deleted_by_user,unusable
2026-07-15T22:44:53+08:00,,beaker,stain,D:\学校\假期\container-1\empty_container\beaker\stain\water_stain\beaker_sample_carousel-003\view_009_rgb.png,empty_container/beaker/stain/water_stain/beaker_sample_carousel-003/view_009_rgb.png,,,global_delete_from_box;archive_sequence=000383;manual_box_deleted_by_user,unusable
2026-07-15T22:44:53+08:00,,beaker,stain,D:\学校\假期\container-1\empty_container\beaker\stain\water_stain\beaker_sample_carousel-003\view_010_rgb.png,empty_container/beaker/stain/water_stain/beaker_sample_carousel-003/view_010_rgb.png,,,global_delete_from_box;archive_sequence=000384;manual_box_deleted_by_user,unusable
2026-07-15T22:44:53+08:00,,beaker,stain,D:\学校\假期\container-1\empty_container\beaker\stain\water_stain\beaker_sample_carousel-003\view_006_rgb.png,empty_container/beaker/stain/water_stain/beaker_sample_carousel-003/view_006_rgb.png,,,global_delete_from_box;archive_sequence=000385;manual_box_deleted_by_user,unusable
2026-07-15T22:44:53+08:00,,beaker,stain,D:\学校\假期\container-1\empty_container\beaker\stain\water_stain\beaker_sample_carousel-004\view_002_rgb.png,empty_container/beaker/stain/water_stain/beaker_sample_carousel-004/view_002_rgb.png,,,global_delete_from_box;archive_sequence=000387;manual_box_deleted_by_user,unusable
2026-07-15T22:44:53+08:00,,beaker,stain,D:\学校\假期\container-1\empty_container\beaker\stain\water_stain\beaker_sample_carousel-004\view_003_rgb.png,empty_container/beaker/stain/water_stain/beaker_sample_carousel-004/view_003_rgb.png,,,global_delete_from_box;archive_sequence=000388;manual_box_deleted_by_user,unusable
2026-07-15T22:44:53+08:00,,beaker,stain,D:\学校\假期\container-1\empty_container\beaker\stain\water_stain\beaker_sample_carousel-004\view_001_rgb.png,empty_container/beaker/stain/water_stain/beaker_sample_carousel-004/view_001_rgb.png,,,global_delete_from_box;archive_sequence=000389;manual_box_deleted_by_user,unusable
2026-07-15T22:44:53+08:00,,beaker,stain,D:\学校\假期\container-1\empty_container\beaker\stain\water_stain\beaker_sample_carousel-004\view_005_rgb.png,empty_container/beaker/stain/water_stain/beaker_sample_carousel-004/view_005_rgb.png,,,global_delete_from_box;archive_sequence=000390;manual_box_deleted_by_user,unusable
2026-07-15T22:44:53+08:00,,beaker,stain,D:\学校\假期\container-1\empty_container\beaker\stain\water_stain\beaker_sample_carousel-005\view_001_rgb.png,empty_container/beaker/stain/water_stain/beaker_sample_carousel-005/view_001_rgb.png,,,global_delete_from_box;archive_sequence=000391;manual_box_deleted_by_user,unusable
2026-07-15T22:44:53+08:00,,beaker,stain,D:\学校\假期\container-1\empty_container\beaker\stain\water_stain\beaker_sample_carousel-004\view_004_rgb.png,empty_container/beaker/stain/water_stain/beaker_sample_carousel-004/view_004_rgb.png,,,global_delete_from_box;archive_sequence=000392;manual_box_deleted_by_user,unusable
2026-07-15T22:44:53+08:00,,beaker,stain,D:\学校\假期\container-1\empty_container\beaker\stain\water_stain\beaker_sample_carousel-005\view_003_rgb.png,empty_container/beaker/stain/water_stain/beaker_sample_carousel-005/view_003_rgb.png,,,global_delete_from_box;archive_sequence=000393;manual_box_deleted_by_user,unusable
2026-07-15T22:44:53+08:00,,beaker,stain,D:\学校\假期\container-1\empty_container\beaker\stain\water_stain\beaker_sample_carousel-005\view_004_rgb.png,empty_container/beaker/stain/water_stain/beaker_sample_carousel-005/view_004_rgb.png,,,global_delete_from_box;archive_sequence=000394;manual_box_deleted_by_user,unusable
2026-07-15T22:44:53+08:00,,beaker,stain,D:\学校\假期\container-1\empty_container\beaker\stain\water_stain\beaker_sample_carousel-005\view_002_rgb.png,empty_container/beaker/stain/water_stain/beaker_sample_carousel-005/view_002_rgb.png,,,global_delete_from_box;archive_sequence=000395;manual_box_deleted_by_user,unusable
2026-07-15T22:44:53+08:00,,beaker,stain,D:\学校\假期\container-1\empty_container\beaker\stain\water_stain\beaker_sample_carousel-005\view_005_rgb.png,empty_container/beaker/stain/water_stain/beaker_sample_carousel-005/view_005_rgb.png,,,global_delete_from_box;archive_sequence=000396;manual_box_deleted_by_user,unusable
2026-07-15T22:44:53+08:00,,beaker,stain,D:\学校\假期\container-1\empty_container\beaker\stain\water_stain\beaker_sample_carousel-006\view_002_rgb.png,empty_container/beaker/stain/water_stain/beaker_sample_carousel-006/view_002_rgb.png,,,global_delete_from_box;archive_sequence=000397;manual_box_deleted_by_user,unusable
2026-07-15T22:44:53+08:00,,beaker,stain,D:\学校\假期\container-1\empty_container\beaker\stain\water_stain\beaker_sample_carousel-006\view_001_rgb.png,empty_container/beaker/stain/water_stain/beaker_sample_carousel-006/view_001_rgb.png,,,global_delete_from_box;archive_sequence=000398;manual_box_deleted_by_user,unusable
2026-07-15T22:44:53+08:00,,beaker,stain,D:\学校\假期\container-1\empty_container\beaker\stain\water_stain\beaker_sample_carousel-006\view_004_rgb.png,empty_container/beaker/stain/water_stain/beaker_sample_carousel-006/view_004_rgb.png,,,global_delete_from_box;archive_sequence=000399;manual_box_deleted_by_user,unusable
2026-07-15T22:44:53+08:00,,beaker,stain,D:\学校\假期\container-1\empty_container\beaker\stain\water_stain\beaker_sample_carousel-006\view_003_rgb.png,empty_container/beaker/stain/water_stain/beaker_sample_carousel-006/view_003_rgb.png,,,global_delete_from_box;archive_sequence=000400;manual_box_deleted_by_user,unusable
2026-07-15T22:44:53+08:00,,beaker,stain,D:\学校\假期\container-1\empty_container\beaker\stain\water_stain\beaker_sample_carousel-006\view_005_rgb.png,empty_container/beaker/stain/water_stain/beaker_sample_carousel-006/view_005_rgb.png,,,global_delete_from_box;archive_sequence=000401;manual_box_deleted_by_user,unusable
2026-07-15T22:44:53+08:00,,beaker,stain,D:\学校\假期\container-1\empty_container\beaker\stain\water_stain\mixed_sample_carousel-001\view_001_rgb.png,empty_container/beaker/stain/water_stain/mixed_sample_carousel-001/view_001_rgb.png,,,global_delete_from_box;archive_sequence=000402;manual_box_deleted_by_user,unusable
2026-07-15T22:44:53+08:00,,beaker,stain,D:\学校\假期\container-1\empty_container\beaker\stain\water_stain\mixed_sample_carousel-001\view_004_rgb.png,empty_container/beaker/stain/water_stain/mixed_sample_carousel-001/view_004_rgb.png,,,global_delete_from_box;archive_sequence=000403;manual_box_deleted_by_user,unusable
2026-07-15T22:44:53+08:00,,beaker,stain,D:\学校\假期\container-1\empty_container\beaker\stain\water_stain\mixed_sample_carousel-001\view_002_rgb.png,empty_container/beaker/stain/water_stain/mixed_sample_carousel-001/view_002_rgb.png,,,global_delete_from_box;archive_sequence=000404;manual_box_deleted_by_user,unusable
2026-07-15T22:44:53+08:00,,beaker,stain,D:\学校\假期\container-1\empty_container\beaker\stain\water_stain\mixed_sample_carousel-001\view_003_rgb.png,empty_container/beaker/stain/water_stain/mixed_sample_carousel-001/view_003_rgb.png,,,global_delete_from_box;archive_sequence=000405;manual_box_deleted_by_user,unusable
2026-07-15T22:44:53+08:00,,beaker,stain,D:\学校\假期\container-1\empty_container\beaker\stain\water_stain\mixed_sample_carousel-002\view_001_rgb.png,empty_container/beaker/stain/water_stain/mixed_sample_carousel-002/view_001_rgb.png,,,global_delete_from_box;archive_sequence=000406;manual_box_deleted_by_user,unusable
2026-07-15T22:44:53+08:00,,beaker,stain,D:\学校\假期\container-1\empty_container\beaker\stain\water_stain\mixed_sample_carousel-001\view_005_rgb.png,empty_container/beaker/stain/water_stain/mixed_sample_carousel-001/view_005_rgb.png,,,global_delete_from_box;archive_sequence=000407;manual_box_deleted_by_user,unusable
2026-07-15T22:44:53+08:00,,beaker,stain,D:\学校\假期\container-1\empty_container\beaker\stain\water_stain\mixed_sample_carousel-002\view_002_rgb.png,empty_container/beaker/stain/water_stain/mixed_sample_carousel-002/view_002_rgb.png,,,global_delete_from_box;archive_sequence=000408;manual_box_deleted_by_user,unusable
2026-07-15T22:44:53+08:00,,beaker,stain,D:\学校\假期\container-1\empty_container\beaker\stain\water_stain\mixed_sample_carousel-002\view_003_rgb.png,empty_container/beaker/stain/water_stain/mixed_sample_carousel-002/view_003_rgb.png,,,global_delete_from_box;archive_sequence=000409;manual_box_deleted_by_user,unusable
2026-07-15T22:44:53+08:00,,beaker,stain,D:\学校\假期\container-1\empty_container\beaker\stain\water_stain\mixed_sample_carousel-002\view_004_rgb.png,empty_container/beaker/stain/water_stain/mixed_sample_carousel-002/view_004_rgb.png,,,global_delete_from_box;archive_sequence=000410;manual_box_deleted_by_user,unusable
2026-07-15T22:44:53+08:00,,beaker,stain,D:\学校\假期\container-1\empty_container\beaker\stain\water_stain\mixed_sample_carousel-002\view_005_rgb.png,empty_container/beaker/stain/water_stain/mixed_sample_carousel-002/view_005_rgb.png,,,global_delete_from_box;archive_sequence=000411;manual_box_deleted_by_user,unusable
2026-07-15T22:44:53+08:00,,beaker,stain,D:\学校\假期\container-1\empty_container\beaker\stain\water_stain\analytical_balance-001\view_002_rgb.png,empty_container/beaker/stain/water_stain/analytical_balance-001/view_002_rgb.png,,,global_delete_from_box;archive_sequence=000412;manual_box_deleted_by_user,unusable
2026-07-15T22:44:53+08:00,,beaker,stain,D:\学校\假期\container-1\empty_container\beaker\stain\water_stain\analytical_balance-001\view_001_rgb.png,empty_container/beaker/stain/water_stain/analytical_balance-001/view_001_rgb.png,,,global_delete_from_box;archive_sequence=000413;manual_box_deleted_by_user,unusable
2026-07-15T22:44:53+08:00,,beaker,stain,D:\学校\假期\container-1\empty_container\beaker\stain\water_stain\analytical_balance-001\view_003_rgb.png,empty_container/beaker/stain/water_stain/analytical_balance-001/view_003_rgb.png,,,global_delete_from_box;archive_sequence=000414;manual_box_deleted_by_user,unusable
2026-07-15T22:44:53+08:00,,beaker,stain,D:\学校\假期\container-1\empty_container\beaker\stain\water_stain\analytical_balance-002\view_001_rgb.png,empty_container/beaker/stain/water_stain/analytical_balance-002/view_001_rgb.png,,,global_delete_from_box;archive_sequence=000415;manual_box_deleted_by_user,unusable
2026-07-15T22:44:53+08:00,,beaker,stain,D:\学校\假期\container-1\empty_container\beaker\stain\water_stain\analytical_balance-001\view_004_rgb.png,empty_container/beaker/stain/water_stain/analytical_balance-001/view_004_rgb.png,,,global_delete_from_box;archive_sequence=000416;manual_box_deleted_by_user,unusable
2026-07-15T22:44:53+08:00,,beaker,stain,D:\学校\假期\container-1\empty_container\beaker\stain\water_stain\analytical_balance-001\view_005_rgb.png,empty_container/beaker/stain/water_stain/analytical_balance-001/view_005_rgb.png,,,global_delete_from_box;archive_sequence=000417;manual_box_deleted_by_user,unusable
2026-07-15T22:44:53+08:00,,beaker,stain,D:\学校\假期\container-1\empty_container\beaker\stain\water_stain\analytical_balance-002\view_002_rgb.png,empty_container/beaker/stain/water_stain/analytical_balance-002/view_002_rgb.png,,,global_delete_from_box;archive_sequence=000418;manual_box_deleted_by_user,unusable
2026-07-15T22:44:53+08:00,,beaker,stain,D:\学校\假期\container-1\empty_container\beaker\stain\water_stain\analytical_balance-002\view_003_rgb.png,empty_container/beaker/stain/water_stain/analytical_balance-002/view_003_rgb.png,,,global_delete_from_box;archive_sequence=000419;manual_box_deleted_by_user,unusable
2026-07-15T22:44:53+08:00,,beaker,stain,D:\学校\假期\container-1\empty_container\beaker\stain\water_stain\analytical_balance-002\view_004_rgb.png,empty_container/beaker/stain/water_stain/analytical_balance-002/view_004_rgb.png,,,global_delete_from_box;archive_sequence=000420;manual_box_deleted_by_user,unusable
2026-07-15T22:44:53+08:00,,beaker,stain,D:\学校\假期\container-1\empty_container\beaker\stain\water_stain\analytical_balance-002\view_005_rgb.png,empty_container/beaker/stain/water_stain/analytical_balance-002/view_005_rgb.png,,,global_delete_from_box;archive_sequence=000421;manual_box_deleted_by_user,unusable
2026-07-15T22:44:53+08:00,,beaker,stain,D:\学校\假期\container-1\empty_container\beaker\stain\water_stain\transfer_stage-001\view_002_rgb.png,empty_container/beaker/stain/water_stain/transfer_stage-001/view_002_rgb.png,,,global_delete_from_box;archive_sequence=000422;manual_box_deleted_by_user,unusable
2026-07-15T22:44:53+08:00,,beaker,stain,D:\学校\假期\container-1\empty_container\beaker\stain\water_stain\transfer_stage-002\view_004_rgb.png,empty_container/beaker/stain/water_stain/transfer_stage-002/view_004_rgb.png,,,global_delete_from_box;archive_sequence=000429;manual_box_deleted_by_user,unusable
2026-07-15T22:44:53+08:00,,beaker,liquid_residue,D:\学校\假期\container-1\empty_container\beaker\liquid_residue\colorless_liquid\beaker_sample_carousel-001\view_001_rgb.png,empty_container/beaker/liquid_residue/colorless_liquid/beaker_sample_carousel-001/view_001_rgb.png,,,global_delete_from_box;archive_sequence=000443;manual_box_deleted_by_user,unusable
2026-07-15T22:44:53+08:00,,beaker,liquid_residue,D:\学校\假期\container-1\empty_container\beaker\liquid_residue\colorless_liquid\beaker_sample_carousel-001\view_003_rgb.png,empty_container/beaker/liquid_residue/colorless_liquid/beaker_sample_carousel-001/view_003_rgb.png,,,global_delete_from_box;archive_sequence=000444;manual_box_deleted_by_user,unusable
2026-07-15T22:44:53+08:00,,beaker,liquid_residue,D:\学校\假期\container-1\empty_container\beaker\liquid_residue\colorless_liquid\beaker_sample_carousel-001\view_002_rgb.png,empty_container/beaker/liquid_residue/colorless_liquid/beaker_sample_carousel-001/view_002_rgb.png,,,global_delete_from_box;archive_sequence=000445;manual_box_deleted_by_user,unusable
2026-07-15T22:44:53+08:00,,beaker,liquid_residue,D:\学校\假期\container-1\empty_container\beaker\liquid_residue\colorless_liquid\beaker_sample_carousel-001\view_005_rgb.png,empty_container/beaker/liquid_residue/colorless_liquid/beaker_sample_carousel-001/view_005_rgb.png,,,global_delete_from_box;archive_sequence=000447;manual_box_deleted_by_user,unusable
2026-07-15T22:44:53+08:00,,beaker,liquid_residue,D:\学校\假期\container-1\empty_container\beaker\liquid_residue\colorless_liquid\beaker_sample_carousel-001\view_004_rgb.png,empty_container/beaker/liquid_residue/colorless_liquid/beaker_sample_carousel-001/view_004_rgb.png,,,global_delete_from_box;archive_sequence=000449;manual_box_deleted_by_user,unusable
2026-07-15T22:44:53+08:00,,beaker,liquid_residue,D:\学校\假期\container-1\empty_container\beaker\liquid_residue\colorless_liquid\beaker_sample_carousel-003\view_005_rgb.png,empty_container/beaker/liquid_residue/colorless_liquid/beaker_sample_carousel-003/view_005_rgb.png,,,global_delete_from_box;archive_sequence=000458;manual_box_deleted_by_user,unusable
2026-07-15T22:44:53+08:00,,beaker,liquid_residue,D:\学校\假期\container-1\empty_container\beaker\liquid_residue\colorless_liquid\beaker_sample_carousel-003\view_002_rgb.png,empty_container/beaker/liquid_residue/colorless_liquid/beaker_sample_carousel-003/view_002_rgb.png,,,global_delete_from_box;archive_sequence=000459;manual_box_deleted_by_user,unusable
2026-07-15T22:44:53+08:00,,beaker,liquid_residue,D:\学校\假期\container-1\empty_container\beaker\liquid_residue\colorless_liquid\beaker_sample_carousel-005\view_002_rgb.png,empty_container/beaker/liquid_residue/colorless_liquid/beaker_sample_carousel-005/view_002_rgb.png,,,global_delete_from_box;archive_sequence=000463;manual_box_deleted_by_user,unusable
2026-07-15T22:44:53+08:00,,beaker,liquid_residue,D:\学校\假期\container-1\empty_container\beaker\liquid_residue\colorless_liquid\beaker_sample_carousel-005\view_003_rgb.png,empty_container/beaker/liquid_residue/colorless_liquid/beaker_sample_carousel-005/view_003_rgb.png,,,global_delete_from_box;archive_sequence=000464;manual_box_deleted_by_user,unusable
2026-07-15T22:44:53+08:00,,beaker,liquid_residue,D:\学校\假期\container-1\empty_container\beaker\liquid_residue\colorless_liquid\beaker_sample_carousel-005\view_005_rgb.png,empty_container/beaker/liquid_residue/colorless_liquid/beaker_sample_carousel-005/view_005_rgb.png,,,global_delete_from_box;archive_sequence=000465;manual_box_deleted_by_user,unusable
2026-07-15T22:44:53+08:00,,beaker,liquid_residue,D:\学校\假期\container-1\empty_container\beaker\liquid_residue\colorless_liquid\beaker_sample_carousel-005\view_004_rgb.png,empty_container/beaker/liquid_residue/colorless_liquid/beaker_sample_carousel-005/view_004_rgb.png,,,global_delete_from_box;archive_sequence=000466;manual_box_deleted_by_user,unusable
2026-07-15T22:44:53+08:00,,beaker,liquid_residue,D:\学校\假期\container-1\empty_container\beaker\liquid_residue\colorless_liquid\beaker_sample_carousel-005\view_001_rgb.png,empty_container/beaker/liquid_residue/colorless_liquid/beaker_sample_carousel-005/view_001_rgb.png,,,global_delete_from_box;archive_sequence=000467;manual_box_deleted_by_user,unusable
2026-07-15T22:44:53+08:00,,beaker,liquid_residue,D:\学校\假期\container-1\empty_container\beaker\liquid_residue\colorless_liquid\beaker_sample_carousel-006\view_001_rgb.png,empty_container/beaker/liquid_residue/colorless_liquid/beaker_sample_carousel-006/view_001_rgb.png,,,global_delete_from_box;archive_sequence=000468;manual_box_deleted_by_user,unusable
2026-07-15T22:44:53+08:00,,beaker,liquid_residue,D:\学校\假期\container-1\empty_container\beaker\liquid_residue\colorless_liquid\beaker_sample_carousel-006\view_003_rgb.png,empty_container/beaker/liquid_residue/colorless_liquid/beaker_sample_carousel-006/view_003_rgb.png,,,global_delete_from_box;archive_sequence=000469;manual_box_deleted_by_user,unusable
2026-07-15T22:44:53+08:00,,beaker,liquid_residue,D:\学校\假期\container-1\empty_container\beaker\liquid_residue\colorless_liquid\mixed_sample_carousel-001\view_002_rgb.png,empty_container/beaker/liquid_residue/colorless_liquid/mixed_sample_carousel-001/view_002_rgb.png,,,global_delete_from_box;archive_sequence=000473;manual_box_deleted_by_user,unusable
2026-07-15T22:44:53+08:00,,beaker,liquid_residue,D:\学校\假期\container-1\empty_container\beaker\liquid_residue\colorless_liquid\mixed_sample_carousel-001\view_003_rgb.png,empty_container/beaker/liquid_residue/colorless_liquid/mixed_sample_carousel-001/view_003_rgb.png,,,global_delete_from_box;archive_sequence=000474;manual_box_deleted_by_user,unusable
2026-07-15T22:44:53+08:00,,beaker,liquid_residue,D:\学校\假期\container-1\empty_container\beaker\liquid_residue\colorless_liquid\mixed_sample_carousel-001\view_001_rgb.png,empty_container/beaker/liquid_residue/colorless_liquid/mixed_sample_carousel-001/view_001_rgb.png,,,global_delete_from_box;archive_sequence=000476;manual_box_deleted_by_user,unusable
2026-07-15T22:44:53+08:00,,beaker,liquid_residue,D:\学校\假期\container-1\empty_container\beaker\liquid_residue\colorless_liquid\mixed_sample_carousel-001\view_005_rgb.png,empty_container/beaker/liquid_residue/colorless_liquid/mixed_sample_carousel-001/view_005_rgb.png,,,global_delete_from_box;archive_sequence=000477;manual_box_deleted_by_user,unusable
2026-07-15T22:44:53+08:00,,beaker,liquid_residue,D:\学校\假期\container-1\empty_container\beaker\liquid_residue\colorless_liquid\analytical_balance-001\view_001_rgb.png,empty_container/beaker/liquid_residue/colorless_liquid/analytical_balance-001/view_001_rgb.png,,,global_delete_from_box;archive_sequence=000483;manual_box_deleted_by_user,unusable
2026-07-15T22:44:53+08:00,,beaker,liquid_residue,D:\学校\假期\container-1\empty_container\beaker\liquid_residue\colorless_liquid\analytical_balance-001\view_002_rgb.png,empty_container/beaker/liquid_residue/colorless_liquid/analytical_balance-001/view_002_rgb.png,,,global_delete_from_box;archive_sequence=000485;manual_box_deleted_by_user,unusable
2026-07-15T22:44:53+08:00,,beaker,liquid_residue,D:\学校\假期\container-1\empty_container\beaker\liquid_residue\colorless_liquid\analytical_balance-001\view_004_rgb.png,empty_container/beaker/liquid_residue/colorless_liquid/analytical_balance-001/view_004_rgb.png,,,global_delete_from_box;archive_sequence=000486;manual_box_deleted_by_user,unusable
2026-07-15T22:44:53+08:00,,beaker,liquid_residue,D:\学校\假期\container-1\empty_container\beaker\liquid_residue\colorless_liquid\transfer_stage-002\view_003_rgb.png,empty_container/beaker/liquid_residue/colorless_liquid/transfer_stage-002/view_003_rgb.png,,,global_delete_from_box;archive_sequence=000504;manual_box_deleted_by_user,unusable
2026-07-15T22:44:53+08:00,,beaker,normal,D:\学校\假期\container-1\empty_container\beaker\normal\beaker_sample_carousel-003\view_005_rgb.png,empty_container/beaker/normal/beaker_sample_carousel-003/view_005_rgb.png,,,global_delete_from_box;archive_sequence=000528;manual_box_deleted_by_user,unusable
2026-07-16T10:44:14+08:00,,beaker,label_anomaly,D:\学校\假期\container-1\empty_container\beaker\label_anomaly\label_soiling\analytical_balance-001\view_001_rgb.png,empty_container/beaker/label_anomaly/label_soiling/analytical_balance-001/view_001_rgb.png,,,manual_deleted_beaker_archive_before_resequence;old_archive_sequence_unrecoverable,unusable
2026-07-16T10:44:14+08:00,,beaker,label_anomaly,D:\学校\假期\container-1\empty_container\beaker\label_anomaly\label_soiling\analytical_balance-001\view_002_rgb.png,empty_container/beaker/label_anomaly/label_soiling/analytical_balance-001/view_002_rgb.png,,,manual_deleted_beaker_archive_before_resequence;old_archive_sequence_unrecoverable,unusable
2026-07-16T10:44:14+08:00,,beaker,label_anomaly,D:\学校\假期\container-1\empty_container\beaker\label_anomaly\label_soiling\analytical_balance-001\view_003_rgb.png,empty_container/beaker/label_anomaly/label_soiling/analytical_balance-001/view_003_rgb.png,,,manual_deleted_beaker_archive_before_resequence;old_archive_sequence_unrecoverable,unusable
2026-07-16T10:44:14+08:00,,beaker,label_anomaly,D:\学校\假期\container-1\empty_container\beaker\label_anomaly\label_soiling\analytical_balance-001\view_004_rgb.png,empty_container/beaker/label_anomaly/label_soiling/analytical_balance-001/view_004_rgb.png,,,manual_deleted_beaker_archive_before_resequence;old_archive_sequence_unrecoverable,unusable
2026-07-16T10:44:14+08:00,,beaker,label_anomaly,D:\学校\假期\container-1\empty_container\beaker\label_anomaly\label_soiling\analytical_balance-001\view_005_rgb.png,empty_container/beaker/label_anomaly/label_soiling/analytical_balance-001/view_005_rgb.png,,,manual_deleted_beaker_archive_before_resequence;old_archive_sequence_unrecoverable,unusable
2026-07-16T10:44:14+08:00,,beaker,label_anomaly,D:\学校\假期\container-1\empty_container\beaker\label_anomaly\label_soiling\analytical_balance-002\view_003_rgb.png,empty_container/beaker/label_anomaly/label_soiling/analytical_balance-002/view_003_rgb.png,,,manual_deleted_beaker_archive_before_resequence;old_archive_sequence_unrecoverable,unusable
2026-07-16T10:44:14+08:00,,beaker,label_anomaly,D:\学校\假期\container-1\empty_container\beaker\label_anomaly\label_soiling\analytical_balance-002\view_004_rgb.png,empty_container/beaker/label_anomaly/label_soiling/analytical_balance-002/view_004_rgb.png,,,manual_deleted_beaker_archive_before_resequence;old_archive_sequence_unrecoverable,unusable
2026-07-16T10:44:14+08:00,,beaker,label_anomaly,D:\学校\假期\container-1\empty_container\beaker\label_anomaly\label_soiling\beaker_sample_carousel-001\view_001_rgb.png,empty_container/beaker/label_anomaly/label_soiling/beaker_sample_carousel-001/view_001_rgb.png,,,manual_deleted_beaker_archive_before_resequence;old_archive_sequence_unrecoverable,unusable
2026-07-16T10:44:14+08:00,,beaker,label_anomaly,D:\学校\假期\container-1\empty_container\beaker\label_anomaly\label_soiling\beaker_sample_carousel-001\view_002_rgb.png,empty_container/beaker/label_anomaly/label_soiling/beaker_sample_carousel-001/view_002_rgb.png,,,manual_deleted_beaker_archive_before_resequence;old_archive_sequence_unrecoverable,unusable
2026-07-16T10:44:14+08:00,,beaker,label_anomaly,D:\学校\假期\container-1\empty_container\beaker\label_anomaly\label_soiling\beaker_sample_carousel-001\view_003_rgb.png,empty_container/beaker/label_anomaly/label_soiling/beaker_sample_carousel-001/view_003_rgb.png,,,manual_deleted_beaker_archive_before_resequence;old_archive_sequence_unrecoverable,unusable
2026-07-16T10:44:14+08:00,,beaker,label_anomaly,D:\学校\假期\container-1\empty_container\beaker\label_anomaly\label_soiling\beaker_sample_carousel-001\view_004_rgb.png,empty_container/beaker/label_anomaly/label_soiling/beaker_sample_carousel-001/view_004_rgb.png,,,manual_deleted_beaker_archive_before_resequence;old_archive_sequence_unrecoverable,unusable
2026-07-16T10:44:14+08:00,,beaker,label_anomaly,D:\学校\假期\container-1\empty_container\beaker\label_anomaly\label_soiling\beaker_sample_carousel-001\view_005_rgb.png,empty_container/beaker/label_anomaly/label_soiling/beaker_sample_carousel-001/view_005_rgb.png,,,manual_deleted_beaker_archive_before_resequence;old_archive_sequence_unrecoverable,unusable
2026-07-16T10:44:14+08:00,,beaker,label_anomaly,D:\学校\假期\container-1\empty_container\beaker\label_anomaly\label_soiling\beaker_sample_carousel-002\view_001_rgb.png,empty_container/beaker/label_anomaly/label_soiling/beaker_sample_carousel-002/view_001_rgb.png,,,manual_deleted_beaker_archive_before_resequence;old_archive_sequence_unrecoverable,unusable
2026-07-16T10:44:14+08:00,,beaker,label_anomaly,D:\学校\假期\container-1\empty_container\beaker\label_anomaly\label_soiling\beaker_sample_carousel-002\view_002_rgb.png,empty_container/beaker/label_anomaly/label_soiling/beaker_sample_carousel-002/view_002_rgb.png,,,manual_deleted_beaker_archive_before_resequence;old_archive_sequence_unrecoverable,unusable
2026-07-16T10:44:14+08:00,,beaker,label_anomaly,D:\学校\假期\container-1\empty_container\beaker\label_anomaly\label_soiling\beaker_sample_carousel-002\view_005_rgb.png,empty_container/beaker/label_anomaly/label_soiling/beaker_sample_carousel-002/view_005_rgb.png,,,manual_deleted_beaker_archive_before_resequence;old_archive_sequence_unrecoverable,unusable
2026-07-16T10:44:14+08:00,,beaker,label_anomaly,D:\学校\假期\container-1\empty_container\beaker\label_anomaly\label_soiling\beaker_sample_carousel-003\view_001_rgb.png,empty_container/beaker/label_anomaly/label_soiling/beaker_sample_carousel-003/view_001_rgb.png,,,manual_deleted_beaker_archive_before_resequence;old_archive_sequence_unrecoverable,unusable
2026-07-16T10:44:14+08:00,,beaker,label_anomaly,D:\学校\假期\container-1\empty_container\beaker\label_anomaly\label_soiling\beaker_sample_carousel-003\view_002_rgb.png,empty_container/beaker/label_anomaly/label_soiling/beaker_sample_carousel-003/view_002_rgb.png,,,manual_deleted_beaker_archive_before_resequence;old_archive_sequence_unrecoverable,unusable
2026-07-16T10:44:14+08:00,,beaker,label_anomaly,D:\学校\假期\container-1\empty_container\beaker\label_anomaly\label_soiling\beaker_sample_carousel-003\view_003_rgb.png,empty_container/beaker/label_anomaly/label_soiling/beaker_sample_carousel-003/view_003_rgb.png,,,manual_deleted_beaker_archive_before_resequence;old_archive_sequence_unrecoverable,unusable
2026-07-16T10:44:14+08:00,,beaker,label_anomaly,D:\学校\假期\container-1\empty_container\beaker\label_anomaly\label_soiling\beaker_sample_carousel-003\view_004_rgb.png,empty_container/beaker/label_anomaly/label_soiling/beaker_sample_carousel-003/view_004_rgb.png,,,manual_deleted_beaker_archive_before_resequence;old_archive_sequence_unrecoverable,unusable
2026-07-16T10:44:14+08:00,,beaker,label_anomaly,D:\学校\假期\container-1\empty_container\beaker\label_anomaly\label_soiling\beaker_sample_carousel-004\view_001_rgb.png,empty_container/beaker/label_anomaly/label_soiling/beaker_sample_carousel-004/view_001_rgb.png,,,manual_deleted_beaker_archive_before_resequence;old_archive_sequence_unrecoverable,unusable
2026-07-16T10:44:14+08:00,,beaker,label_anomaly,D:\学校\假期\container-1\empty_container\beaker\label_anomaly\label_soiling\beaker_sample_carousel-004\view_003_rgb.png,empty_container/beaker/label_anomaly/label_soiling/beaker_sample_carousel-004/view_003_rgb.png,,,manual_deleted_beaker_archive_before_resequence;old_archive_sequence_unrecoverable,unusable
2026-07-16T10:44:14+08:00,,beaker,label_anomaly,D:\学校\假期\container-1\empty_container\beaker\label_anomaly\label_soiling\beaker_sample_carousel-005\view_004_rgb.png,empty_container/beaker/label_anomaly/label_soiling/beaker_sample_carousel-005/view_004_rgb.png,,,manual_deleted_beaker_archive_before_resequence;old_archive_sequence_unrecoverable,unusable
2026-07-16T10:44:14+08:00,,beaker,label_anomaly,D:\学校\假期\container-1\empty_container\beaker\label_anomaly\label_soiling\beaker_sample_carousel-005\view_005_rgb.png,empty_container/beaker/label_anomaly/label_soiling/beaker_sample_carousel-005/view_005_rgb.png,,,manual_deleted_beaker_archive_before_resequence;old_archive_sequence_unrecoverable,unusable
2026-07-16T10:44:14+08:00,,beaker,label_anomaly,D:\学校\假期\container-1\empty_container\beaker\label_anomaly\label_soiling\beaker_sample_carousel-006\view_001_rgb.png,empty_container/beaker/label_anomaly/label_soiling/beaker_sample_carousel-006/view_001_rgb.png,,,manual_deleted_beaker_archive_before_resequence;old_archive_sequence_unrecoverable,unusable
2026-07-16T10:44:14+08:00,,beaker,label_anomaly,D:\学校\假期\container-1\empty_container\beaker\label_anomaly\label_soiling\beaker_sample_carousel-006\view_005_rgb.png,empty_container/beaker/label_anomaly/label_soiling/beaker_sample_carousel-006/view_005_rgb.png,,,manual_deleted_beaker_archive_before_resequence;old_archive_sequence_unrecoverable,unusable
2026-07-16T10:44:14+08:00,,beaker,label_anomaly,D:\学校\假期\container-1\empty_container\beaker\label_anomaly\label_soiling\magnetic_stirrer_01-002\view_001_rgb.png,empty_container/beaker/label_anomaly/label_soiling/magnetic_stirrer_01-002/view_001_rgb.png,,,manual_deleted_beaker_archive_before_resequence;old_archive_sequence_unrecoverable,unusable
2026-07-16T10:44:14+08:00,,beaker,label_anomaly,D:\学校\假期\container-1\empty_container\beaker\label_anomaly\label_soiling\magnetic_stirrer_02-001\view_001_rgb.png,empty_container/beaker/label_anomaly/label_soiling/magnetic_stirrer_02-001/view_001_rgb.png,,,manual_deleted_beaker_archive_before_resequence;old_archive_sequence_unrecoverable,unusable
2026-07-16T10:44:14+08:00,,beaker,label_anomaly,D:\学校\假期\container-1\empty_container\beaker\label_anomaly\label_soiling\magnetic_stirrer_02-001\view_002_rgb.png,empty_container/beaker/label_anomaly/label_soiling/magnetic_stirrer_02-001/view_002_rgb.png,,,manual_deleted_beaker_archive_before_resequence;old_archive_sequence_unrecoverable,unusable
2026-07-16T10:44:14+08:00,,beaker,label_anomaly,D:\学校\假期\container-1\empty_container\beaker\label_anomaly\label_soiling\magnetic_stirrer_02-002\view_001_rgb.png,empty_container/beaker/label_anomaly/label_soiling/magnetic_stirrer_02-002/view_001_rgb.png,,,manual_deleted_beaker_archive_before_resequence;old_archive_sequence_unrecoverable,unusable
2026-07-16T10:44:14+08:00,,beaker,label_anomaly,D:\学校\假期\container-1\empty_container\beaker\label_anomaly\label_soiling\mixed_sample_carousel-001\view_001_rgb.png,empty_container/beaker/label_anomaly/label_soiling/mixed_sample_carousel-001/view_001_rgb.png,,,manual_deleted_beaker_archive_before_resequence;old_archive_sequence_unrecoverable,unusable
2026-07-16T10:44:14+08:00,,beaker,label_anomaly,D:\学校\假期\container-1\empty_container\beaker\label_anomaly\label_soiling\mixed_sample_carousel-001\view_002_rgb.png,empty_container/beaker/label_anomaly/label_soiling/mixed_sample_carousel-001/view_002_rgb.png,,,manual_deleted_beaker_archive_before_resequence;old_archive_sequence_unrecoverable,unusable
2026-07-16T10:44:14+08:00,,beaker,label_anomaly,D:\学校\假期\container-1\empty_container\beaker\label_anomaly\label_soiling\mixed_sample_carousel-001\view_003_rgb.png,empty_container/beaker/label_anomaly/label_soiling/mixed_sample_carousel-001/view_003_rgb.png,,,manual_deleted_beaker_archive_before_resequence;old_archive_sequence_unrecoverable,unusable
2026-07-16T10:44:14+08:00,,beaker,label_anomaly,D:\学校\假期\container-1\empty_container\beaker\label_anomaly\label_soiling\mixed_sample_carousel-001\view_004_rgb.png,empty_container/beaker/label_anomaly/label_soiling/mixed_sample_carousel-001/view_004_rgb.png,,,manual_deleted_beaker_archive_before_resequence;old_archive_sequence_unrecoverable,unusable
2026-07-16T10:44:14+08:00,,beaker,label_anomaly,D:\学校\假期\container-1\empty_container\beaker\label_anomaly\label_soiling\mixed_sample_carousel-001\view_005_rgb.png,empty_container/beaker/label_anomaly/label_soiling/mixed_sample_carousel-001/view_005_rgb.png,,,manual_deleted_beaker_archive_before_resequence;old_archive_sequence_unrecoverable,unusable
2026-07-16T10:44:14+08:00,,beaker,label_anomaly,D:\学校\假期\container-1\empty_container\beaker\label_anomaly\label_soiling\transfer_stage-001\view_001_rgb.png,empty_container/beaker/label_anomaly/label_soiling/transfer_stage-001/view_001_rgb.png,,,manual_deleted_beaker_archive_before_resequence;old_archive_sequence_unrecoverable,unusable
2026-07-16T10:44:14+08:00,,beaker,label_anomaly,D:\学校\假期\container-1\empty_container\beaker\label_anomaly\label_soiling\transfer_stage-001\view_002_rgb.png,empty_container/beaker/label_anomaly/label_soiling/transfer_stage-001/view_002_rgb.png,,,manual_deleted_beaker_archive_before_resequence;old_archive_sequence_unrecoverable,unusable
2026-07-16T10:44:14+08:00,,beaker,label_anomaly,D:\学校\假期\container-1\empty_container\beaker\label_anomaly\label_soiling\transfer_stage-001\view_003_rgb.png,empty_container/beaker/label_anomaly/label_soiling/transfer_stage-001/view_003_rgb.png,,,manual_deleted_beaker_archive_before_resequence;old_archive_sequence_unrecoverable,unusable
2026-07-16T10:44:14+08:00,,beaker,label_anomaly,D:\学校\假期\container-1\empty_container\beaker\label_anomaly\label_soiling\transfer_stage-001\view_004_rgb.png,empty_container/beaker/label_anomaly/label_soiling/transfer_stage-001/view_004_rgb.png,,,manual_deleted_beaker_archive_before_resequence;old_archive_sequence_unrecoverable,unusable
2026-07-16T10:44:14+08:00,,beaker,label_anomaly,D:\学校\假期\container-1\empty_container\beaker\label_anomaly\label_soiling\transfer_stage-001\view_005_rgb.png,empty_container/beaker/label_anomaly/label_soiling/transfer_stage-001/view_005_rgb.png,,,manual_deleted_beaker_archive_before_resequence;old_archive_sequence_unrecoverable,unusable
2026-07-16T10:44:14+08:00,,beaker,label_anomaly,D:\学校\假期\container-1\empty_container\beaker\label_anomaly\label_soiling\transfer_stage-002\view_002_rgb.png,empty_container/beaker/label_anomaly/label_soiling/transfer_stage-002/view_002_rgb.png,,,manual_deleted_beaker_archive_before_resequence;old_archive_sequence_unrecoverable,unusable
2026-07-16T10:44:14+08:00,,beaker,label_anomaly,D:\学校\假期\container-1\empty_container\beaker\label_anomaly\label_soiling\transfer_stage-002\view_003_rgb.png,empty_container/beaker/label_anomaly/label_soiling/transfer_stage-002/view_003_rgb.png,,,manual_deleted_beaker_archive_before_resequence;old_archive_sequence_unrecoverable,unusable
2026-07-16T10:44:14+08:00,,beaker,label_anomaly,D:\学校\假期\container-1\empty_container\beaker\label_anomaly\label_soiling\transfer_stage-002\view_004_rgb.png,empty_container/beaker/label_anomaly/label_soiling/transfer_stage-002/view_004_rgb.png,,,manual_deleted_beaker_archive_before_resequence;old_archive_sequence_unrecoverable,unusable
2026-07-16T10:44:14+08:00,,beaker,stain,D:\学校\假期\container-1\empty_container\beaker\stain\water_stain\transfer_stage-001\view_001_rgb.png,empty_container/beaker/stain/water_stain/transfer_stage-001/view_001_rgb.png,,,manual_deleted_beaker_archive_before_resequence;old_archive_sequence_unrecoverable,unusable
2026-07-16T10:44:14+08:00,,beaker,stain,D:\学校\假期\container-1\empty_container\beaker\stain\water_stain\transfer_stage-001\view_003_rgb.png,empty_container/beaker/stain/water_stain/transfer_stage-001/view_003_rgb.png,,,manual_deleted_beaker_archive_before_resequence;old_archive_sequence_unrecoverable,unusable
2026-07-16T10:44:14+08:00,,beaker,stain,D:\学校\假期\container-1\empty_container\beaker\stain\water_stain\transfer_stage-001\view_004_rgb.png,empty_container/beaker/stain/water_stain/transfer_stage-001/view_004_rgb.png,,,manual_deleted_beaker_archive_before_resequence;old_archive_sequence_unrecoverable,unusable
2026-07-16T10:44:14+08:00,,beaker,stain,D:\学校\假期\container-1\empty_container\beaker\stain\water_stain\transfer_stage-001\view_005_rgb.png,empty_container/beaker/stain/water_stain/transfer_stage-001/view_005_rgb.png,,,manual_deleted_beaker_archive_before_resequence;old_archive_sequence_unrecoverable,unusable
2026-07-16T10:44:14+08:00,,beaker,stain,D:\学校\假期\container-1\empty_container\beaker\stain\water_stain\transfer_stage-002\view_001_rgb.png,empty_container/beaker/stain/water_stain/transfer_stage-002/view_001_rgb.png,,,manual_deleted_beaker_archive_before_resequence;old_archive_sequence_unrecoverable,unusable
2026-07-16T10:44:14+08:00,,beaker,stain,D:\学校\假期\container-1\empty_container\beaker\stain\water_stain\transfer_stage-002\view_002_rgb.png,empty_container/beaker/stain/water_stain/transfer_stage-002/view_002_rgb.png,,,manual_deleted_beaker_archive_before_resequence;old_archive_sequence_unrecoverable,unusable
2026-07-16T10:44:14+08:00,,beaker,stain,D:\学校\假期\container-1\empty_container\beaker\stain\water_stain\transfer_stage-002\view_003_rgb.png,empty_container/beaker/stain/water_stain/transfer_stage-002/view_003_rgb.png,,,manual_deleted_beaker_archive_before_resequence;old_archive_sequence_unrecoverable,unusable
2026-07-16T10:44:14+08:00,,beaker,stain,D:\学校\假期\container-1\empty_container\beaker\stain\water_stain\transfer_stage-002\view_005_rgb.png,empty_container/beaker/stain/water_stain/transfer_stage-002/view_005_rgb.png,,,manual_deleted_beaker_archive_before_resequence;old_archive_sequence_unrecoverable,unusable
